{
  "banner": "$bannerName$",
  "defaultAdvertisingPreferenceOption": true,
  "defaultEmailPreferenceOption": true,
  "emailAddress": "$emailAddress$",
  "firstName": "RestAssured",
  "homePhoneNumber": "2012424333",
  "lastName": "$lastName$",
  "mailingAddress": {
    "addressLine1": "8913",
    "addressLine2": "Edwards road",
    "city": "Rookwood",
    "countryCode": "US",
    "stateCode": "OH",
    "zip": "45209"
  },
  "middleInitial": "mn",
  "mobilePhoneNumber": "2012424333",
  "password": "p@ssw0rd",
  "pickupStoreDivisionNumber": "$divisionNumber$",
  "pickupStoreNumber": "$preferredStoreNumber$",
  "preferredStoreDivisionNumber": "$divisionNumber$",
  "preferredStoreNumber": "$preferredStoreNumber$"
}